name,duration,popularity,danceability,energy,key,loudness,mode,speechiness,acousticness,instrumentalness,liveness,valence,tempo,time_signature,genre
Jesus He Knows Me,245240,73,0.474,0.962,7,-4.716,1,0.0638,4.33e-05,0.000308,0.113,0.253,94.991,4,0
BANSHEE,214880,40,0.544,0.94,10,-6.158,0,0.0702,0.00432,2.22e-05,0.0399,0.566,140.076,4,0
The Wolf You Feed (feat. Alissa White-Gluz),234000,59,0.352,0.973,7,-3.25,1,0.119,1.07e-05,0.747,0.499,0.238,200.094,4,0
Lux Æterna,205679,63,0.386,0.996,11,-2.96,0,0.0754,1.15e-05,0.000836,0.116,0.188,130.573,4,0
Delivering The Goods,267012,57,0.241,0.949,7,-3.278,0,0.15,0.00123,0.0056,0.0997,0.416,158.744,4,0
Nobody,353946,73,0.411,0.702,7,-7.085,0,0.04,0.000942,5.2e-06,0.298,0.214,74.965,4,0
Meet Your Maker,237300,63,0.489,0.968,1,-4.41,1,0.108,4.66e-05,0.00221,0.0904,0.184,95.065,4,0
Obsolete,265750,63,0.407,0.95,7,-6.998,1,0.193,0.000103,0.191,0.516,0.246,191.741,4,0
Fall Of Man (feat. Matthew K. Heafy),218482,53,0.418,0.911,7,-6.131,0,0.0655,1.37e-05,0.0,0.0815,0.344,145.019,4,0
Chop Suey!,210240,85,0.417,0.934,7,-3.908,0,0.119,0.000278,0.0015,0.132,0.287,127.066,4,0
Break Stuff,166706,82,0.432,0.884,8,-6.659,1,0.13,0.0127,0.000527,0.166,0.624,108.948,4,0
No Prayer At Midnight,221000,57,0.343,0.962,5,-6.842,1,0.0926,0.00185,0.0,0.0892,0.131,173.004,4,0
A Thousand Shades (feat. Jeff Beck),266427,55,0.371,0.652,6,-3.838,0,0.0312,0.00107,2.48e-06,0.601,0.204,81.044,4,0
Do Or Die,321440,41,0.553,0.979,7,-5.816,1,0.0713,3.52e-05,0.00712,0.249,0.325,114.994,4,0
My Own Summer (Shove It),214760,79,0.443,0.781,1,-4.277,1,0.0377,1.33e-05,0.205,0.166,0.372,71.841,4,0
Popular Monster,220537,79,0.461,0.897,3,-3.982,0,0.092,0.00821,0.0,0.0965,0.358,165.107,4,0
Hail to the King,305906,78,0.58,0.916,3,-4.358,0,0.0387,0.000297,0.0259,0.126,0.683,118.004,4,0
ObZen - 15th Anniversary 2023 Remastered Edition,264386,49,0.475,0.995,5,-4.605,1,0.0572,3.82e-06,0.9,0.504,0.345,113.371,4,0
Crazy Train,293183,79,0.454,0.913,9,-4.008,1,0.107,0.408,0.000271,0.248,0.521,137.688,4,0
Freak On a Leash,255733,78,0.353,0.898,2,-5.877,1,0.052,2.23e-05,0.105,0.39,0.525,103.293,4,0
Ace of Spades,166360,76,0.342,0.91,4,-7.748,1,0.0758,4.02e-05,0.000121,0.0823,0.547,140.452,4,0
Krøterveg Te Helvete - Single Version,254691,46,0.142,0.975,2,-4.741,1,0.102,1.15e-05,0.00203,0.36,0.428,156.223,4,0
Walk,315120,76,0.43,0.704,1,-8.008,0,0.0804,0.000155,0.00221,0.0933,0.703,118.242,4,0
Wait and Bleed,147840,76,0.382,0.996,7,-4.119,1,0.104,0.00208,0.0,0.417,0.327,93.345,4,0
Master of Puppets (Remastered),515386,75,0.539,0.828,4,-9.108,0,0.035,0.00067,0.421,0.154,0.562,105.25,4,0
Paranoid - 2012 - Remaster,168405,75,0.412,0.658,4,-12.051,0,0.0708,4.52e-05,0.000774,0.176,0.454,163.071,4,0
Breaking the Law,153840,75,0.362,0.961,2,-5.664,1,0.0857,0.024,9.35e-06,0.159,0.491,164.019,4,0
I Wanna Rock,179760,74,0.504,0.911,2,-2.97,1,0.0738,0.00512,0.0123,0.355,0.671,106.244,4,0
Dicke Titten,218593,74,0.63,0.823,6,-4.857,1,0.0496,0.0205,0.00458,0.0377,0.565,117.048,4,0
Cowboys from Hell,243533,75,0.415,0.908,2,-9.701,1,0.0765,0.00437,0.0345,0.082,0.437,114.816,4,0
Cum on Feel the Noize,290960,72,0.409,0.92,11,-5.439,0,0.12,0.00719,0.00105,0.0823,0.37,145.085,4,0
School's Out,210106,71,0.294,0.745,5,-9.138,1,0.0461,0.05,0.125,0.676,0.347,134.364,4,0
To Hell and Back,206546,71,0.536,0.849,0,-4.702,1,0.0616,0.00318,0.00197,0.104,0.305,127.002,4,0
Bad Company,262440,71,0.558,0.886,11,-4.196,0,0.0482,0.000595,9.91e-05,0.0904,0.171,114.041,4,0
Nothin' But A Good Time - Remastered 2006,224866,71,0.576,0.974,1,-2.785,1,0.0828,0.0202,0.0,0.348,0.531,129.088,4,0
My Curse,244773,70,0.197,0.956,10,-2.908,0,0.0663,7.61e-05,0.00992,0.261,0.209,177.018,3,0
Shout At The Devil,194986,70,0.5,0.946,5,-5.428,1,0.072,0.0221,4.21e-05,0.068,0.45,94.544,4,0
Du hast,234226,72,0.64,0.922,9,-6.283,0,0.0385,0.00369,0.055,0.332,0.716,125.105,4,0
I Stand Alone,246040,70,0.217,0.92,8,-4.479,1,0.0628,2.86e-05,0.0,0.102,0.376,167.169,4,0
No One Like You,237466,69,0.505,0.631,9,-10.433,0,0.038,0.0203,2.21e-05,0.141,0.835,118.178,4,0
Painkiller,365826,69,0.435,0.987,1,-4.667,0,0.16,0.000195,0.0847,0.268,0.101,103.16,4,0
Stinkfist,312120,69,0.286,0.728,0,-6.608,1,0.0616,0.000174,0.836,0.133,0.467,171.441,4,0
Epic,293653,69,0.358,0.893,4,-7.486,0,0.12,0.0222,0.0524,0.126,0.262,174.238,4,0
Animals,244364,69,0.532,0.759,1,-3.842,0,0.0319,0.000123,0.02,0.073,0.293,95.01,4,0
Sad But True (Remastered),324600,68,0.624,0.876,7,-6.005,1,0.0342,0.000926,0.00164,0.0561,0.453,89.24,4,0
Thunder Kiss '65,234080,68,0.684,0.851,9,-9.792,1,0.0407,0.000613,0.0029,0.535,0.512,112.662,4,0
Parasite Eve,291812,68,0.589,0.797,9,-5.464,1,0.15,0.0289,4.35e-06,0.383,0.232,102.489,4,0
The Dying Song (Time To Sing),203586,68,0.516,0.991,11,-2.587,0,0.126,0.000467,4.66e-05,0.327,0.402,95.017,4,0
Down with the Sickness,278706,67,0.649,0.896,10,-2.704,0,0.056,0.000319,1.19e-05,0.102,0.924,90.009,4,0
Shotgun Blues,267826,67,0.528,0.947,2,-7.175,1,0.0518,9.31e-06,0.0632,0.165,0.661,149.082,4,0
Shot in the Dark,256293,66,0.581,0.791,6,-7.262,1,0.0324,0.00835,6.02e-05,0.142,0.619,123.887,3,0
Redneck,220880,66,0.512,0.996,2,-2.1,1,0.114,5.63e-05,0.000167,0.347,0.0601,130.931,4,0
Raining Blood,254400,66,0.294,0.995,1,-4.383,0,0.168,0.000489,0.331,0.128,0.0379,88.777,4,0
Hearts on Fire,231386,65,0.577,0.901,1,-5.981,1,0.0492,0.000431,3.59e-06,0.672,0.337,90.997,4,0
I Want Out,280213,65,0.477,0.859,0,-8.625,1,0.0387,0.000333,0.000155,0.265,0.629,91.009,4,0
Paradox,241153,65,0.282,0.97,11,-4.511,0,0.0891,0.00989,0.0,0.447,0.135,98.887,4,0
Party in My Head,188111,64,0.445,0.914,4,-5.001,0,0.0494,0.000152,0.0,0.549,0.587,135.032,4,0
Cyberhex,275247,64,0.526,0.944,6,-3.815,0,0.144,0.000207,1.76e-05,0.0994,0.281,112.531,4,0
Nobody's Fool,287400,64,0.367,0.445,9,-13.615,0,0.0286,0.0478,0.00284,0.163,0.149,67.197,4,0
Holy Diver,353786,64,0.476,0.901,8,-6.751,1,0.0975,0.0642,0.158,0.0557,0.109,91.955,4,0
Hip To Be Scared [Feat. Jacoby Shaddix],203560,64,0.276,0.862,1,-5.352,0,0.255,0.00147,0.0,0.174,0.526,182.115,3,0
Planet Zero,222738,64,0.416,0.964,9,-2.967,1,0.112,2.35e-05,0.000875,0.473,0.212,157.925,4,0
Die By The Blade,194838,64,0.552,0.864,8,-6.523,0,0.0375,0.000931,0.0199,0.0856,0.898,140.986,4,0
Bone Church,327240,64,0.341,0.558,11,-8.597,0,0.039,0.0831,0.36,0.129,0.0894,125.076,3,0
Pull Me Under,493933,63,0.532,0.941,9,-9.025,1,0.0465,0.000579,0.0527,0.15,0.278,102.198,4,0
Protect The Land,307644,63,0.432,0.886,8,-3.991,1,0.0341,9.2e-05,4.74e-05,0.338,0.248,76.04,4,0
Cirice,362093,63,0.555,0.798,3,-5.658,1,0.0279,0.00254,1.5e-05,0.171,0.284,89.987,4,0
Screaming Suicide,330453,63,0.425,0.972,4,-3.448,0,0.045,2.42e-05,0.0202,0.239,0.282,101.125,4,0
Full Circle,202249,62,0.495,0.993,7,-3.014,1,0.145,0.000151,0.0,0.368,0.29,149.912,4,0
Circle The Drain,215346,62,0.448,0.969,5,-3.309,0,0.11,0.000129,0.000135,0.0771,0.387,92.512,4,0
Black No. 1 (Little Miss Scare -All),675653,62,0.348,0.7,4,-8.885,1,0.0611,0.0397,0.00228,0.106,0.416,93.614,4,0
Black Hole,179181,62,0.48,0.958,5,-4.241,0,0.0664,2.45e-05,0.0,0.52,0.385,110.05,4,0
Our Time Is Now,271417,62,0.229,0.949,2,-3.315,0,0.0537,1.67e-05,0.187,0.153,0.4,99.325,4,0
War Eternal,256053,62,0.445,0.98,5,-4.369,0,0.0731,2.45e-05,0.163,0.129,0.285,155.045,4,0
Down for Life,203680,62,0.344,0.955,1,-10.614,1,0.0444,5.4e-06,0.111,0.0665,0.352,111.671,4,0
I Wanna Be Somebody,223533,62,0.285,0.825,1,-7.049,0,0.0466,0.000826,0.0,0.268,0.516,164.611,4,0
Spillways [Feat. Joe Elliott],199809,62,0.578,0.835,8,-5.307,1,0.0313,0.000562,2.82e-05,0.0599,0.926,128.095,4,0
State Of Unrest,187894,62,0.447,0.982,7,-3.82,1,0.077,6.9e-06,0.0198,0.0517,0.383,94.941,4,0
Balls to the Wall,342600,62,0.544,0.739,9,-7.383,1,0.0517,0.00392,0.000143,0.168,0.328,118.287,4,0
Becoming,253346,62,0.432,0.941,7,-6.581,1,0.0591,1.77e-06,0.0439,0.32,0.393,120.025,4,0
If Darkness Had a Son,396293,61,0.47,0.945,9,-4.378,1,0.045,2.3e-05,0.00544,0.0399,0.379,123.398,4,0
Put Your Back Into The Oar,277893,61,0.477,0.934,4,-8.199,0,0.0554,0.000392,0.254,0.343,0.328,139.947,4,0
Madhouse,259760,61,0.329,0.885,9,-10.661,1,0.0904,0.0242,0.00433,0.735,0.481,163.538,4,0
You Only Live Once,192560,61,0.613,0.953,6,-4.936,1,0.153,0.00018,0.0614,0.116,0.213,119.976,4,0
Kings of Metal,223866,61,0.575,0.881,9,-13.012,1,0.0357,0.000117,2.69e-05,0.147,0.699,132.127,4,0
In Waves,302466,61,0.477,0.94,9,-3.435,1,0.103,0.000211,0.0518,0.346,0.338,76.517,4,0
We’ll Be Back,269466,60,0.405,0.96,2,-3.916,1,0.074,0.0001,0.0576,0.182,0.417,174.952,4,0
Choke,227440,60,0.503,0.981,1,-5.701,1,0.0936,0.000682,9.06e-05,0.194,0.34,124.91,4,0
Davidian,296626,60,0.278,0.937,7,-6.952,1,0.168,0.000535,0.118,0.227,0.29,154.244,3,0
Highway Star,368506,60,0.298,0.895,9,-7.647,0,0.0547,0.0283,0.00574,0.305,0.544,173.737,4,0
From Hell With Love,235295,60,0.502,0.9,4,-5.655,0,0.0482,0.000104,0.00212,0.161,0.552,120.066,4,0
Unstoppable,238109,59,0.529,0.988,1,-1.914,1,0.0768,7.15e-06,0.0278,0.336,0.336,121.0,4,0
Let It Go,283186,59,0.409,0.915,2,-7.205,1,0.0667,0.00444,0.0022,0.342,0.409,138.143,4,0
Wild Eyes,258586,59,0.299,0.99,6,-3.498,1,0.156,0.000732,0.000405,0.165,0.197,110.313,4,0
The Number of the Beast - 2015 Remaster,290586,58,0.409,0.89,0,-6.839,1,0.0558,0.088,0.107,0.0935,0.268,100.409,4,0
I Will Be Heard,178666,58,0.585,0.907,1,-4.787,1,0.102,7.21e-05,0.0,0.0682,0.573,92.634,4,0
Halo,195653,58,0.529,0.92,3,-4.168,1,0.0649,2.87e-05,0.00202,0.0582,0.438,111.132,4,0
"Snap Your Fingers, Snap Your Neck",251533,58,0.668,0.788,5,-6.752,1,0.0424,7.48e-05,0.108,0.0792,0.692,137.38,4,0
The Motherload,299786,58,0.363,0.971,5,-2.974,0,0.0776,7.1e-06,0.00358,0.0797,0.347,146.018,4,0
Sainted by the Storm,224666,58,0.499,0.961,10,-7.15,0,0.0537,0.000231,3.71e-06,0.259,0.541,106.034,4,0
Breaking the Chains,231693,58,0.526,0.9,4,-4.76,0,0.0531,0.00914,0.0,0.277,0.458,125.349,4,0
Welcome To The Circus,256741,58,0.489,0.987,11,-4.57,0,0.0806,7.62e-05,0.0,0.788,0.297,139.982,4,0
Resentment,227266,58,0.496,0.955,9,-3.607,0,0.196,8.3e-05,9.64e-05,0.0549,0.143,122.956,4,0
Alone Again,228977,58,0.496,0.969,10,-3.085,1,0.0688,7.49e-05,5.93e-06,0.242,0.199,109.977,4,0
Keeper of the Celestial Flame of Abernethy,200458,57,0.405,0.931,10,-6.283,0,0.0538,0.000104,0.0924,0.312,0.551,200.059,4,0
Remember We Die,225263,57,0.497,0.978,11,-4.356,0,0.072,0.000367,0.0,0.389,0.69,92.022,4,0
The Dirt I'm Buried In,244597,57,0.614,0.899,11,-5.186,0,0.0384,0.000981,0.585,0.114,0.671,114.932,4,0
Arise,198226,57,0.372,0.961,9,-6.765,0,0.0931,1.52e-05,0.0548,0.0916,0.159,115.336,4,0
You Can't Bring Me Down,348093,57,0.272,0.958,0,-10.797,1,0.381,0.00195,4.63e-05,0.0915,0.0382,136.867,4,0
Green Machine,217906,57,0.497,0.947,0,-8.802,1,0.0391,8.21e-05,0.000693,0.118,0.588,90.371,4,0
Slaughterhouse (feat. Bryan Garris Of Knocked Loose),263947,57,0.304,0.987,7,-2.578,1,0.193,6.13e-05,0.000162,0.371,0.153,149.992,4,0
Replica,237360,57,0.574,0.943,11,-5.238,1,0.0769,3.69e-05,0.0317,0.366,0.72,112.009,4,0
Blacklist,376920,57,0.534,0.969,3,-3.378,1,0.0535,0.000359,0.564,0.269,0.598,75.005,4,0
The Past Is Dead,215924,57,0.44,0.95,1,-2.993,1,0.0769,0.00449,1.6e-06,0.363,0.51,144.981,4,0
Wolves Of War,238186,57,0.177,0.938,8,-6.63,1,0.0812,0.00163,0.00184,0.0719,0.182,196.042,4,0
Hunting Season,198665,57,0.434,0.824,0,-6.864,1,0.0587,0.000206,0.000321,0.337,0.287,163.989,4,0
Slave to the Grind,208666,56,0.487,0.976,7,-7.567,1,0.105,6.8e-06,0.352,0.242,0.305,133.176,4,0
Warrior,165891,56,0.528,0.908,1,-4.243,0,0.0913,0.0485,0.000581,0.239,0.296,154.958,4,0
Memento Mori,348099,56,0.317,0.985,2,-4.588,1,0.101,0.000151,0.789,0.127,0.0483,123.008,4,0
Let Me Fall Apart,207844,56,0.431,0.88,9,-5.464,1,0.0858,0.000139,0.00132,0.242,0.212,154.997,4,0
Lightning Strike,209453,56,0.521,0.915,9,-5.705,0,0.0544,1.69e-05,0.43,0.065,0.336,112.507,3,0
"Foregone, Pt. 2",270454,56,0.311,0.905,10,-4.65,0,0.0829,1.48e-05,0.000744,0.304,0.172,179.995,3,0
SLEEPS SOCIETY,199429,56,0.304,0.952,2,-4.156,1,0.188,0.000242,5e-05,0.29,0.317,84.317,4,0
Catastrophist,388035,55,0.263,0.965,10,-4.25,0,0.197,1.42e-05,3.13e-05,0.0598,0.488,157.102,4,0
Symbolic,392800,55,0.364,0.982,6,-7.034,0,0.195,6.65e-05,0.0124,0.163,0.127,113.772,4,0
Out of My Life,197466,55,0.447,0.952,0,-7.439,0,0.0512,8.67e-05,3.31e-06,0.449,0.37,140.05,4,0
Raise Your Horns,263760,55,0.458,0.873,5,-5.336,1,0.0439,6.05e-05,0.737,0.0664,0.551,164.984,3,0
Slaughter Of The Soul,183093,55,0.131,0.975,7,-7.228,1,0.118,1.61e-06,0.914,0.0862,0.393,79.467,4,0
Moonlight Rendezvous,338760,55,0.425,0.958,4,-5.785,0,0.0515,0.000254,0.00107,0.0394,0.621,102.002,4,0
My Will Be Done,222136,55,0.254,0.983,3,-4.302,0,0.144,0.00102,0.000268,0.112,0.276,194.763,4,0
Separate Ways,300698,55,0.401,0.979,4,-1.928,0,0.0822,0.00056,0.0,0.153,0.245,139.03,4,0
Where Angels Fear to Fly,236326,54,0.491,0.933,9,-6.283,0,0.0484,1.18e-05,0.000134,0.221,0.426,90.007,4,0
Best Time,215757,54,0.371,0.916,4,-8.38,0,0.0961,4.51e-05,7.66e-06,0.087,0.322,170.116,4,0
The Last in Line,344933,54,0.286,0.895,9,-6.041,0,0.104,0.00209,0.141,0.0562,0.58,172.764,4,0
Soldier On!,294426,54,0.483,0.995,6,-3.781,0,0.106,7.14e-05,0.0225,0.377,0.328,126.298,3,0
COLD BLOOD,326771,53,0.522,0.954,0,-6.468,1,0.0514,0.00283,0.197,0.119,0.329,105.012,4,0
Just One Fix,310293,53,0.539,0.982,0,-4.495,1,0.0592,1.42e-05,0.462,0.371,0.145,132.984,4,0
Shed My Skin (feat. Annisokay),270479,53,0.476,0.941,4,-3.488,0,0.0697,0.000224,5.5e-06,0.0999,0.222,93.478,4,0
Vote with a Bullet,205506,53,0.493,0.938,11,-6.526,1,0.105,4.7e-05,0.0339,0.0851,0.567,136.521,4,0
K.I.N.G,216346,53,0.533,0.954,9,-6.632,1,0.0505,9.66e-06,0.398,0.051,0.398,129.758,4,0
Princess of the Night - 2009 Remaster,242573,53,0.362,0.797,3,-8.824,0,0.0424,0.00328,2e-06,0.0668,0.753,107.249,4,0
The Book of Heavy Metal (March of the Metallians),325800,53,0.386,0.944,0,-4.334,1,0.0941,6.79e-05,0.0153,0.338,0.374,154.175,4,0
The Toxic Waltz,290280,53,0.262,0.988,11,-4.922,0,0.253,0.00655,0.897,0.132,0.227,91.319,4,0
Archangel,203373,52,0.407,0.967,0,-7.104,1,0.0666,0.000316,0.00142,0.089,0.227,180.027,4,0
The Fairies Dance,237744,52,0.548,0.887,5,-4.187,0,0.0331,0.00616,0.0,0.432,0.38,133.04,4,0
Aftermath,298825,52,0.298,0.953,5,-3.334,0,0.192,0.000375,0.0,0.1,0.127,172.023,4,0
UNHALLØWED,389947,52,0.511,0.978,7,-3.867,1,0.0654,0.000185,0.000893,0.308,0.233,115.046,4,0
Army of the Damned,242695,52,0.445,0.926,9,-3.624,0,0.0337,0.000273,0.00156,0.235,0.457,87.502,4,0
IOU,267290,52,0.526,0.986,11,-5.094,1,0.0893,0.000145,0.0132,0.111,0.293,136.063,4,0
Crimson Skies,249439,51,0.423,0.996,10,-2.332,0,0.265,9.73e-05,0.305,0.274,0.0847,139.955,4,0
Master of Puppets (Remastered),515386,75,0.539,0.828,4,-9.108,0,0.035,0.00067,0.421,0.154,0.562,105.25,4,0
The Trooper - 2015 Remaster,252733,66,0.285,0.908,4,-4.601,0,0.0705,0.0318,0.00909,0.311,0.669,159.756,4,0
Iron Man - 2012 - Remaster,355303,68,0.336,0.792,9,-10.875,1,0.084,0.00351,0.00175,0.0437,0.427,155.587,4,0
Walk,315120,76,0.43,0.704,1,-8.008,0,0.0804,0.000155,0.00221,0.0933,0.703,118.242,4,0
Symphony Of Destruction,246733,73,0.61,0.891,4,-5.452,0,0.0587,0.000805,0.0928,0.0657,0.51,139.903,4,0
Raining Blood,254400,66,0.294,0.995,1,-4.383,0,0.168,0.000489,0.331,0.128,0.0379,88.777,4,0
Hellraiser - 30th Anniversary Edition,295881,59,0.624,0.934,4,-3.229,1,0.0436,0.00232,2.67e-05,0.106,0.411,96.038,4,0
Breaking the Law,153840,75,0.362,0.961,2,-5.664,1,0.0857,0.024,9.35e-06,0.159,0.491,164.019,4,0
Kickstart My Heart,284026,80,0.465,0.977,7,-3.839,0,0.175,0.00111,0.00298,0.201,0.233,89.535,4,0
Ace of Spades,166360,76,0.342,0.91,4,-7.748,1,0.0758,4.02e-05,0.000121,0.0823,0.547,140.452,4,0
Roots Bloody Roots,212253,66,0.428,0.874,4,-6.664,0,0.128,0.000337,0.0419,0.311,0.261,119.708,4,0
Blind,258266,72,0.283,0.891,2,-8.165,1,0.178,0.00678,0.0038,0.159,0.226,92.049,4,0
Du hast,234226,72,0.64,0.922,9,-6.283,0,0.0385,0.00369,0.055,0.332,0.716,125.105,4,0
Duality,252613,82,0.354,0.982,4,-3.026,0,0.168,0.000237,0.000294,0.204,0.194,143.772,4,0
Down with the Sickness,278706,67,0.649,0.896,10,-2.704,0,0.056,0.000319,1.19e-05,0.102,0.924,90.009,4,0
Run to the Hills - 2015 Remaster,233506,63,0.249,0.943,0,-5.188,1,0.0669,0.0286,0.00401,0.162,0.458,173.671,4,0
Paranoid - 2012 - Remaster,168405,75,0.412,0.658,4,-12.051,0,0.0708,4.52e-05,0.000774,0.176,0.454,163.071,4,0
Mother,204866,75,0.365,0.763,11,-9.45,0,0.0591,0.00726,0.000457,0.0865,0.342,148.366,4,0
Dragula,222826,79,0.591,0.963,0,-6.489,0,0.0531,8.74e-05,0.000107,0.0781,0.609,125.03,4,0
Chop Suey!,210240,85,0.417,0.934,7,-3.908,0,0.119,0.000278,0.0015,0.132,0.287,127.066,4,0
Freak On a Leash,255733,78,0.353,0.898,2,-5.877,1,0.052,2.23e-05,0.105,0.39,0.525,103.293,4,0
Hail to the King,305906,78,0.58,0.916,3,-4.358,0,0.0387,0.000297,0.0259,0.126,0.683,118.004,4,0
Enter Sandman (Remastered),331560,78,0.566,0.834,6,-8.412,0,0.0298,0.00277,0.008,0.0625,0.621,123.296,4,0
Crazy Train,293183,79,0.454,0.913,9,-4.008,1,0.107,0.408,0.000271,0.248,0.521,137.688,4,0
Holy Wars...The Punishment Due - 2004 Remix,392600,70,0.325,0.985,11,-3.941,1,0.151,0.00177,0.107,0.351,0.221,125.307,4,0
Pull Me Under,493933,63,0.532,0.941,9,-9.025,1,0.0465,0.000579,0.0527,0.15,0.278,102.198,4,0
Black No. 1 (Little Miss Scare -All),675653,62,0.348,0.7,4,-8.885,1,0.0611,0.0397,0.00228,0.106,0.416,93.614,4,0
Holy Diver,353786,64,0.476,0.901,8,-6.751,1,0.0975,0.0642,0.158,0.0557,0.109,91.955,4,0
Heaven and Hell - 2008 Remaster,419933,59,0.329,0.673,3,-8.465,0,0.0296,0.0239,0.109,0.138,0.323,91.122,4,0
Ritual,268746,61,0.671,0.867,0,-5.194,0,0.0503,0.0882,3.29e-05,0.119,0.698,132.01,4,0
Stinkfist,312120,69,0.286,0.728,0,-6.608,1,0.0616,0.000174,0.836,0.133,0.467,171.441,4,0
My Own Summer (Shove It),214760,79,0.443,0.781,1,-4.277,1,0.0377,1.33e-05,0.205,0.166,0.372,71.841,4,0
Wait and Bleed,147840,76,0.382,0.996,7,-4.119,1,0.104,0.00208,0.0,0.417,0.327,93.345,4,0
South Of Heaven,298533,65,0.31,0.991,5,-3.769,0,0.316,0.000132,0.085,0.0969,0.0395,140.071,4,0
Got The Time,164333,64,0.371,0.973,10,-5.303,0,0.135,0.000641,0.00163,0.0423,0.444,127.721,4,0
One (Remastered),446145,72,0.438,0.687,7,-9.15,1,0.0619,0.000668,0.0801,0.42,0.426,103.01,3,0
Cowboys from Hell,243533,75,0.415,0.908,2,-9.701,1,0.0765,0.00437,0.0345,0.082,0.437,114.816,4,0
Painkiller,365826,69,0.435,0.987,1,-4.667,0,0.16,0.000195,0.0847,0.268,0.101,103.16,4,0
The Number of the Beast - 2015 Remaster,290586,58,0.409,0.89,0,-6.839,1,0.0558,0.088,0.107,0.0935,0.268,100.409,4,0
Thunder Kiss '65,234080,68,0.684,0.851,9,-9.792,1,0.0407,0.000613,0.0029,0.535,0.512,112.662,4,0
My Curse,244773,70,0.197,0.956,10,-2.908,0,0.0663,7.61e-05,0.00992,0.261,0.209,177.018,3,0
To Hell and Back,206546,71,0.536,0.849,0,-4.702,1,0.0616,0.00318,0.00197,0.104,0.305,127.002,4,0
Cum on Feel the Noize,290960,72,0.409,0.92,11,-5.439,0,0.12,0.00719,0.00105,0.0823,0.37,145.085,4,0
Are You Dead Yet?,234880,63,0.461,0.961,8,-3.011,1,0.0479,6.39e-06,0.14,0.308,0.416,96.009,4,0
Highway Star,368506,60,0.298,0.895,9,-7.647,0,0.0547,0.0283,0.00574,0.305,0.544,173.737,4,0
Rainbow in the Dark,256933,66,0.512,0.947,9,-5.659,0,0.0401,0.000692,0.114,0.0283,0.612,117.461,4,0
Let It Go,283186,59,0.409,0.915,2,-7.205,1,0.0667,0.00444,0.0022,0.342,0.409,138.143,4,0
Shout At The Devil,194986,70,0.5,0.946,5,-5.428,1,0.072,0.0221,4.21e-05,0.068,0.45,94.544,4,0
Return to Serenity,390800,56,0.294,0.613,1,-10.527,1,0.0384,0.235,0.000494,0.139,0.228,112.385,3,0
Angel Of Death,291440,61,0.332,0.994,1,-4.336,1,0.137,0.000119,0.322,0.142,0.0829,106.086,4,0
You Can't Bring Me Down,348093,57,0.272,0.958,0,-10.797,1,0.381,0.00195,4.63e-05,0.0915,0.0382,136.867,4,0
Blood and Thunder,228586,65,0.364,0.935,2,-6.548,1,0.0724,8.58e-06,0.729,0.0317,0.478,92.717,4,0
Schism,403533,71,0.567,0.714,9,-8.512,0,0.0302,0.0012,0.417,0.186,0.191,107.441,3,0
Under and Over It,218133,62,0.473,0.996,11,-3.027,0,0.173,1.41e-05,0.0,0.26,0.0952,76.006,4,0
Hunting High And Low,248866,41,0.512,0.98,6,-3.138,0,0.0916,0.000135,0.287,0.357,0.437,93.835,4,0
War Eternal,256053,62,0.445,0.98,5,-4.369,0,0.0731,2.45e-05,0.163,0.129,0.285,155.045,4,0
2 Minutes to Midnight - 2015 Remaster,363586,57,0.446,0.97,9,-5.004,0,0.0508,0.00754,0.000275,0.199,0.595,94.233,4,0
School's Out,210106,71,0.294,0.745,5,-9.138,1,0.0461,0.05,0.125,0.676,0.347,134.364,4,0
For Whom The Bell Tolls (Remastered),309973,73,0.512,0.86,0,-6.145,1,0.0703,0.00631,0.00528,0.0652,0.258,117.909,4,0
You've Got Another Thing Coming,310080,68,0.519,0.833,6,-6.947,0,0.0496,0.00572,4.33e-06,0.104,0.532,138.225,4,0
I Want Out,280213,65,0.477,0.859,0,-8.625,1,0.0387,0.000333,0.000155,0.265,0.629,91.009,4,0
I Wanna Rock,179760,74,0.504,0.911,2,-2.97,1,0.0738,0.00512,0.0123,0.355,0.671,106.244,4,0
Nemo,276200,50,0.494,0.735,0,-6.326,0,0.0348,0.000185,8.38e-05,0.086,0.359,125.042,4,0
Only for the Weak,294866,66,0.418,0.835,0,-4.824,0,0.0449,2.33e-06,0.766,0.289,0.549,104.986,4,0
Laid to Rest,230127,68,0.366,0.956,10,-3.725,0,0.108,0.000293,0.00447,0.449,0.159,104.016,3,0
In Waves,302466,61,0.477,0.94,9,-3.435,1,0.103,0.000211,0.0518,0.346,0.338,76.517,4,0
Raise Your Horns,263760,55,0.458,0.873,5,-5.336,1,0.0439,6.05e-05,0.737,0.0664,0.551,164.984,3,0
Balls to the Wall,342600,62,0.544,0.739,9,-7.383,1,0.0517,0.00392,0.000143,0.168,0.328,118.287,4,0
Stone the Crow,282506,57,0.444,0.911,11,-6.117,0,0.0398,0.0139,0.00955,0.0868,0.556,106.437,4,0
"Snap Your Fingers, Snap Your Neck",251533,58,0.668,0.788,5,-6.752,1,0.0424,7.48e-05,0.108,0.0792,0.692,137.38,4,0
I Don't Believe In Love - Remastered 2003,263560,44,0.551,0.991,2,-2.642,0,0.0962,0.0338,2.06e-05,0.429,0.259,117.98,4,0
Satan Is Real,278199,55,0.43,0.96,7,-4.32,1,0.0778,5.64e-05,0.0909,0.126,0.252,101.608,4,0
Slave to the Grind,208666,56,0.487,0.976,7,-7.567,1,0.105,6.8e-06,0.352,0.242,0.305,133.176,4,0
Symbolic,392800,55,0.364,0.982,6,-7.034,0,0.195,6.65e-05,0.0124,0.163,0.127,113.772,4,0
Redneck,220880,66,0.512,0.996,2,-2.1,1,0.114,5.63e-05,0.000167,0.347,0.0601,130.931,4,0
Stranded,269533,67,0.513,0.88,7,-4.69,0,0.0309,9.59e-05,0.00614,0.0824,0.495,92.358,4,0
Brotherhood of the Snake,253988,56,0.289,0.989,1,-4.006,1,0.11,6e-06,0.179,0.122,0.198,136.419,4,0
Stand My Ground,267986,56,0.271,0.866,5,-4.072,0,0.0578,0.0489,0.000762,0.116,0.127,175.665,4,0
Madhouse,259760,61,0.329,0.885,9,-10.661,1,0.0904,0.0242,0.00433,0.735,0.481,163.538,4,0
Davidian,296626,60,0.278,0.937,7,-6.952,1,0.168,0.000535,0.118,0.227,0.29,154.244,3,0
Alma Mater,337306,47,0.235,0.867,9,-6.408,0,0.0647,0.000133,0.000938,0.0758,0.305,142.939,3,0
Just One Fix,310293,53,0.539,0.982,0,-4.495,1,0.0592,1.42e-05,0.462,0.371,0.145,132.984,4,0
Replica,237360,57,0.574,0.943,11,-5.238,1,0.0769,3.69e-05,0.0317,0.366,0.72,112.009,4,0
Arise,198226,57,0.372,0.961,9,-6.765,0,0.0931,1.52e-05,0.0548,0.0916,0.159,115.336,4,0
Punishment,284066,49,0.298,0.983,6,-6.566,0,0.464,0.00128,5.63e-05,0.78,0.106,89.629,4,0
Vote with a Bullet,205506,53,0.493,0.938,11,-6.526,1,0.105,4.7e-05,0.0339,0.0851,0.567,136.521,4,0
Kings of Metal,223866,61,0.575,0.881,9,-13.012,1,0.0357,0.000117,2.69e-05,0.147,0.699,132.127,4,0
Nobody's Fool,287400,64,0.367,0.445,9,-13.615,0,0.0286,0.0478,0.00284,0.163,0.149,67.197,4,0
From the Cradle to Enslave,397160,50,0.342,0.926,7,-6.313,0,0.0939,3.96e-05,0.683,0.186,0.0972,147.313,4,0
Nightmare,374453,73,0.554,0.949,2,-4.928,1,0.0787,0.000318,9.98e-05,0.2,0.233,129.984,4,0
Seek & Destroy (Remastered),414720,64,0.439,0.963,9,-5.508,1,0.277,0.0364,0.00896,0.0784,0.435,140.805,4,0
Tears Don't Fall,348386,65,0.213,0.927,7,-3.378,0,0.14,0.000729,4.85e-06,0.081,0.28,162.109,4,0
Blow Your Trumpets Gabriel,265440,46,0.173,0.938,6,-4.642,1,0.0807,0.000216,0.00244,0.271,0.176,118.064,4,0
I Wanna Be Somebody,223533,62,0.285,0.825,1,-7.049,0,0.0466,0.000826,0.0,0.268,0.516,164.611,4,0
Detox,337000,42,0.117,0.983,2,-5.728,1,0.2,2.91e-06,0.0627,0.36,0.102,164.227,4,0
Bleed,442733,63,0.242,0.998,11,-5.64,1,0.0894,8.12e-06,0.88,0.284,0.18,114.642,4,0
The Drapery Falls,652040,45,0.103,0.859,7,-6.107,1,0.0803,0.000339,0.168,0.0974,0.306,186.415,3,0
K.I.N.G,216346,53,0.533,0.954,9,-6.632,1,0.0505,9.66e-06,0.398,0.051,0.398,129.758,4,0
Heaven's a Lie,286533,52,0.426,0.881,4,-3.458,0,0.0403,0.0011,0.00279,0.124,0.384,140.004,4,0
I Will Be Heard,178666,58,0.585,0.907,1,-4.787,1,0.102,7.21e-05,0.0,0.0682,0.573,92.634,4,0
Whiskey Glasses,234346,84,0.614,0.68,6,-4.58,1,0.0289,0.369,1.84e-06,0.115,0.707,149.959,4,1
Man! I Feel Like A Woman!,234493,80,0.657,0.639,10,-7.527,1,0.0412,0.581,0.0,0.278,0.674,124.882,4,1
Check Yes Or No,200666,74,0.708,0.524,5,-12.644,1,0.0352,0.0551,3.21e-06,0.0371,0.69,111.482,4,1
9 to 5,162466,79,0.554,0.783,6,-5.852,1,0.0457,0.416,1.54e-06,0.631,0.813,105.39,4,1
The Gambler,214880,77,0.671,0.501,4,-13.119,1,0.0594,0.342,0.0,0.194,0.86,87.04,4,1
Hurricane,222533,79,0.464,0.813,10,-6.185,1,0.0416,0.0153,0.0,0.254,0.515,75.977,4,1
Die A Happy Man,227426,75,0.595,0.389,2,-9.245,1,0.0349,0.418,1.39e-06,0.116,0.4,166.052,4,1
I Hope,210772,75,0.466,0.536,6,-6.227,1,0.0429,0.0951,0.0,0.114,0.377,75.998,4,1
You're Still The One,212200,80,0.585,0.494,3,-8.751,1,0.0353,0.363,0.0,0.0886,0.634,133.822,4,1
American Kids,182960,74,0.782,0.589,0,-7.37,1,0.0803,0.0476,5.84e-06,0.0366,0.849,85.022,4,1
Mammas Don't Let Your Babies Grow up to Be Cowboys,152866,70,0.363,0.361,9,-14.398,1,0.0499,0.623,0.00119,0.154,0.612,187.711,3,1
Why Not Me,211266,66,0.732,0.667,10,-9.278,1,0.0278,0.502,4.07e-06,0.0524,0.727,125.6,4,1
Chattahoochee,148160,74,0.606,0.706,0,-9.665,1,0.0379,0.362,0.0,0.16,0.819,174.533,4,1
Jolene,161533,75,0.674,0.537,1,-10.971,0,0.0363,0.566,0.0,0.131,0.809,110.578,4,1
When You Say Nothing at All,222493,59,0.673,0.346,3,-12.803,1,0.0245,0.721,4.48e-06,0.0475,0.396,80.012,4,1
She's In Love With The Boy - Single Version,248200,70,0.783,0.698,3,-8.268,1,0.0323,0.522,2.52e-06,0.0754,0.758,124.996,4,1
I Fall To Pieces - Single Version,171333,64,0.54,0.0568,10,-20.508,1,0.0351,0.917,1.01e-06,0.12,0.506,111.791,4,1
Cruise,208960,74,0.457,0.948,10,-3.364,1,0.0354,0.0191,0.0,0.0536,0.878,148.0,4,1
The House That Built Me,236626,70,0.525,0.3,5,-8.005,1,0.0286,0.578,8.3e-06,0.116,0.206,80.993,4,1
It's Five O'Clock Somewhere (with Jimmy Buffett),230133,68,0.713,0.772,2,-6.69,1,0.0372,0.208,0.0,0.211,0.88,125.202,4,1
Need You Now,277573,74,0.587,0.622,4,-5.535,1,0.0303,0.0927,0.000636,0.2,0.231,107.943,4,1
Tequila,196746,73,0.489,0.581,11,-5.731,1,0.0281,0.0312,0.0,0.132,0.494,86.016,4,1
Fancy,299733,68,0.674,0.517,11,-11.225,1,0.0726,0.226,0.0,0.0697,0.482,94.98,4,1
Rhinestone Cowboy,194453,68,0.644,0.633,0,-8.006,1,0.0261,0.102,6.82e-05,0.227,0.647,115.193,4,1
Breathe,250546,69,0.529,0.496,7,-9.007,1,0.029,0.173,0.0,0.251,0.278,136.859,4,1
Body Like A Back Road,165386,73,0.732,0.458,5,-7.225,1,0.0311,0.447,0.0,0.136,0.661,98.938,4,1
"Heads Carolina, Tails California",209760,55,0.607,0.815,4,-6.619,1,0.039,0.0471,2.81e-05,0.111,0.57,136.949,4,1
This Is How We Roll,220906,73,0.555,0.931,8,-2.969,1,0.0367,0.016,0.0,0.405,0.723,132.085,4,1
Cowboy Take Me Away,287266,72,0.467,0.622,6,-7.255,1,0.031,0.365,0.00527,0.0982,0.455,164.418,4,1
Girl Crush,193320,71,0.5,0.225,0,-10.22,1,0.0302,0.842,0.0,0.112,0.355,173.788,3,1
As Good As I Once Was,227840,72,0.68,0.87,5,-4.461,1,0.0393,0.266,0.0,0.109,0.646,119.075,4,1
Humble And Kind,259266,71,0.355,0.48,11,-7.31,1,0.0282,0.679,2.28e-06,0.12,0.137,100.956,3,1
Strawberry Wine,290466,62,0.558,0.435,1,-6.812,1,0.0264,0.302,0.0,0.0351,0.199,122.385,3,1
Somebody Like You,323040,71,0.624,0.84,4,-5.768,1,0.0337,0.108,0.000546,0.144,0.656,111.02,4,1
"Folsom Prison Blues - Live at Folsom State Prison, Folsom, CA - January 1968",162653,71,0.621,0.524,0,-15.269,1,0.0803,0.0652,0.00199,0.893,0.889,110.586,4,1
Carrying Your Love With Me,232426,71,0.629,0.479,10,-10.608,1,0.0271,0.22,0.0,0.0587,0.345,138.231,4,1
Live Like You Were Dying,300333,71,0.416,0.546,7,-7.728,1,0.0297,0.492,0.0,0.0845,0.418,159.929,4,1
Why Don't We Just Dance,192800,70,0.677,0.776,5,-5.933,1,0.0386,0.42,0.000689,0.0954,0.642,121.834,4,1
My Maria,208106,70,0.673,0.842,3,-4.627,1,0.0366,0.06,0.000257,0.178,0.898,125.57,4,1
Kiss an Angel Good Mornin',123133,57,0.684,0.498,4,-10.836,1,0.03,0.708,0.0,0.365,0.905,131.855,4,1
Achy Breaky Heart,203373,70,0.8,0.563,9,-10.209,1,0.0303,0.051,0.0,0.0797,0.961,121.808,4,1
This Kiss,194306,69,0.398,0.804,11,-5.559,1,0.0451,0.175,0.0,0.181,0.709,186.752,4,1
The Night The Lights Went Out In Georgia,257266,68,0.428,0.51,7,-11.695,0,0.103,0.52,8.32e-06,0.105,0.393,169.967,4,1
Before He Cheats,199946,81,0.519,0.749,6,-3.318,0,0.0405,0.271,0.0,0.119,0.29,147.905,4,1
"I Like It, I Love It",205706,71,0.643,0.961,0,-5.298,1,0.0315,0.0196,0.0,0.948,0.96,124.027,4,1
Blue Ain't Your Color,230600,70,0.69,0.416,7,-7.865,1,0.0335,0.617,1.37e-06,0.102,0.479,82.45,3,1
Watching You,235426,68,0.625,0.848,2,-4.008,1,0.0314,0.105,0.0,0.23,0.716,137.993,4,1
Wanted,228840,68,0.421,0.476,0,-7.692,1,0.0298,0.268,0.0,0.0816,0.3,169.784,4,1
Here You Come Again,179491,67,0.585,0.511,1,-9.37,1,0.0391,0.647,0.007,0.0392,0.552,105.898,4,1
Take Your Time,243706,67,0.558,0.719,11,-5.603,1,0.0419,0.101,0.0,0.212,0.483,158.031,4,1
Burnin' It Down,219160,67,0.681,0.795,6,-6.652,1,0.049,0.305,9.41e-06,0.109,0.64,135.939,4,1
Don't Rock the Jukebox,171066,66,0.641,0.637,7,-10.92,1,0.0262,0.0495,0.000138,0.267,0.793,147.502,4,1
Just To See You Smile,215173,69,0.492,0.823,6,-8.526,1,0.0297,0.127,0.0,0.0523,0.702,94.342,4,1
Automatic,247826,66,0.591,0.703,10,-6.211,1,0.0256,0.0435,2.34e-06,0.145,0.402,95.993,4,1
Don't It Make My Brown Eyes Blue,157653,66,0.736,0.321,6,-13.474,1,0.0444,0.799,0.00897,0.0619,0.342,84.928,4,1
"Jesus, Take the Wheel",226493,65,0.359,0.518,2,-3.537,1,0.0302,0.665,0.0,0.106,0.135,76.572,4,1
Rose Garden,175866,65,0.589,0.501,0,-11.665,1,0.031,0.168,0.0,0.0741,0.969,131.064,4,1
God Gave Me You,229533,64,0.483,0.844,2,-5.043,1,0.0314,0.00481,7.29e-05,0.405,0.543,151.977,4,1
"Love Without End, Amen",187000,64,0.645,0.442,9,-12.997,1,0.0256,0.397,0.0,0.121,0.554,88.491,4,1
Just Got Started Lovin' You,234640,64,0.705,0.606,7,-7.047,1,0.0243,0.159,0.00149,0.242,0.876,98.001,4,1
Ain't Nothing 'Bout You,199413,64,0.325,0.887,0,-4.199,1,0.0569,0.144,1.35e-06,0.431,0.705,202.339,4,1
This One's for the Girls,243160,63,0.613,0.801,8,-4.431,1,0.0354,0.0626,1.15e-05,0.124,0.609,126.966,4,1
I Swear,262520,63,0.628,0.496,1,-7.103,1,0.0233,0.242,1.2e-05,0.147,0.266,85.523,4,1
I Will Always Love You,176093,63,0.446,0.142,9,-13.498,1,0.0335,0.96,0.00114,0.101,0.156,135.724,4,1
Our Song,201106,75,0.668,0.672,2,-4.931,1,0.0303,0.111,0.0,0.329,0.539,89.011,4,1
I Cross My Heart - Pure Country Soundtrack Version,212000,63,0.526,0.442,3,-10.133,1,0.0259,0.267,5.49e-05,0.106,0.284,131.055,4,1
19 Somethin' - Greatest Hits Version,200466,63,0.58,0.816,4,-5.165,1,0.0726,0.132,0.0,0.0776,0.814,89.938,4,1
That's What I Love About Sunday,201493,63,0.6,0.56,8,-6.311,1,0.0325,0.479,0.0,0.111,0.417,139.469,4,1
Coal Miner's Daughter - Single Version,180960,63,0.604,0.354,9,-14.07,1,0.0313,0.836,0.00474,0.103,0.635,137.349,4,1
Convoy,230600,62,0.68,0.543,5,-14.876,1,0.141,0.857,0.000116,0.0881,0.796,111.62,4,1
Peter Pan,200040,68,0.514,0.659,1,-6.142,1,0.0309,0.0284,0.0,0.266,0.463,76.483,4,1
Act Naturally,143693,62,0.552,0.474,7,-6.847,1,0.0275,0.336,0.0,0.173,0.7,92.156,4,1
Don't Blink,285280,61,0.604,0.605,4,-8.516,1,0.0352,0.115,1.22e-05,0.305,0.647,147.925,4,1
Amazed,239986,60,0.557,0.553,1,-7.954,1,0.0319,0.247,0.0,0.125,0.253,139.821,4,1
My Church,197930,71,0.517,0.743,9,-4.336,1,0.0363,0.243,3.36e-06,0.107,0.664,76.979,4,1
High Cotton,180320,60,0.661,0.581,5,-9.67,1,0.032,0.423,0.0,0.11,0.863,91.11,4,1
How Do You Like Me Now?!,205920,60,0.64,0.835,0,-4.806,1,0.0413,0.0726,3.11e-06,0.132,0.704,109.497,4,1
Daddy Sang Bass,140440,60,0.681,0.638,4,-7.818,1,0.0367,0.699,0.000629,0.0581,0.677,96.882,4,1
Fightin Side Of Me,174666,59,0.75,0.451,4,-13.355,1,0.048,0.512,0.0,0.272,0.743,95.483,4,1
You Look So Good In Love,193400,59,0.642,0.233,9,-16.568,1,0.0298,0.435,0.0,0.105,0.333,114.495,3,1
Islands In the Stream,249293,59,0.595,0.473,8,-9.828,1,0.0347,0.702,0.0,0.0725,0.716,204.016,4,1
Pickup Man,216693,59,0.709,0.757,7,-7.006,1,0.0408,0.434,0.0,0.336,0.852,140.664,4,1
"Love, Me",231506,59,0.686,0.234,0,-12.646,1,0.0295,0.742,0.0,0.145,0.342,106.581,4,1
Big City,179333,59,0.707,0.401,4,-14.222,1,0.0533,0.275,0.000296,0.201,0.602,136.188,4,1
Killin' Time,168000,59,0.714,0.522,7,-9.773,1,0.0283,0.455,1.02e-05,0.0967,0.69,121.312,4,1
When I Call Your Name,255133,58,0.506,0.11,5,-17.615,1,0.0307,0.35,0.00144,0.139,0.208,70.554,3,1
Every Which Way but Loose - 2009 Remaster,171653,57,0.598,0.483,7,-7.474,1,0.0292,0.458,7.88e-06,0.36,0.452,130.663,4,1
Two Dozen Roses,223613,57,0.695,0.502,4,-12.01,1,0.0279,0.327,0.0,0.097,0.543,117.083,4,1
Should've Been A Cowboy,209866,56,0.579,0.731,7,-5.659,1,0.0323,0.244,0.0,0.297,0.618,133.582,4,1
Mind Your Own Business,148440,56,0.568,0.698,9,-4.733,1,0.0436,0.0459,0.0,0.095,0.872,164.371,4,1
"Luckenbach, Texas (Back to the Basics of Love) (feat. Willie Nelson)",200493,56,0.684,0.45,7,-10.422,1,0.0332,0.704,0.00191,0.243,0.639,102.902,4,1
Lost In The Fifties Tonight,258346,55,0.492,0.216,5,-16.121,1,0.0283,0.639,6.53e-05,0.0598,0.145,168.817,3,1
Have Mercy,203733,54,0.858,0.66,2,-7.953,1,0.029,0.231,0.0,0.189,0.933,123.299,4,1
Don't Let Our Love Start Slippin' Away,223533,55,0.739,0.717,3,-9.568,1,0.0308,0.417,0.000918,0.334,0.663,113.234,4,1
The Good Stuff,199586,54,0.586,0.675,7,-7.819,1,0.0776,0.26,0.0,0.144,0.473,143.92,4,1
Hello Darlin' - Single Version,145866,54,0.354,0.276,0,-14.999,1,0.0295,0.745,1.35e-06,0.11,0.427,82.787,3,1
Black Sheep,177693,54,0.596,0.626,7,-12.945,1,0.0634,0.402,0.0,0.0498,0.962,155.556,4,1
Teddy Bear,299746,53,0.59,0.398,1,-16.012,1,0.38,0.781,0.0,0.0683,0.724,109.634,3,1
My Heart Skips A Beat,148320,53,0.609,0.569,9,-6.359,1,0.0371,0.285,0.0,0.0586,0.787,86.583,4,1
It's Just a Matter of Time,235920,52,0.259,0.59,3,-8.343,1,0.0363,0.472,0.00128,0.135,0.474,201.016,3,1
Dancin’ In The Country,179645,72,0.655,0.869,7,-4.807,1,0.0633,0.00408,0.0,0.104,0.541,114.984,4,1
Wasted On You,178520,86,0.505,0.657,11,-5.24,0,0.0318,0.373,0.00107,0.126,0.252,196.0,3,1
Thinkin’ Bout Me,177387,87,0.656,0.757,3,-5.775,0,0.0308,0.492,0.0,0.117,0.429,139.971,4,1
HEARTFIRST,187016,61,0.662,0.855,0,-3.742,1,0.0457,0.021,0.0,0.228,0.84,120.079,4,1
Thousand Miles (feat. Brandi Carlile),231000,79,0.503,0.722,9,-7.595,1,0.103,0.205,3.52e-05,0.0845,0.354,172.006,4,1
Stop Draggin' Your Boots,164347,66,0.463,0.76,2,-5.958,1,0.11,0.0379,0.0,0.115,0.65,123.899,4,1
One Man Band,186240,76,0.706,0.358,6,-8.331,1,0.0347,0.677,0.0,0.107,0.478,75.991,4,1
Thinking 'Bout You (feat. MacKenzie Porter),170560,76,0.403,0.711,8,-4.189,1,0.0569,0.137,0.0,0.109,0.801,203.803,4,1
I Hope,210772,75,0.466,0.536,6,-6.227,1,0.0429,0.0951,0.0,0.114,0.377,75.998,4,1
Self Love,171013,61,0.653,0.666,2,-5.488,1,0.0655,0.0407,0.0,0.234,0.359,139.93,4,1
goodbye looks good on you (feat. Mitchell Tenpenny),171080,63,0.667,0.671,1,-4.2,0,0.0496,0.413,0.0,0.0809,0.695,83.962,4,1
The Bones,197293,75,0.612,0.57,11,-6.642,0,0.0347,0.278,0.0,0.0963,0.334,77.004,4,1
Worth It,183107,51,0.515,0.661,1,-6.776,1,0.0366,0.0957,0.0,0.0985,0.376,155.928,4,1
You Proof,157477,81,0.731,0.85,9,-4.913,1,0.0336,0.252,0.0,0.605,0.644,119.706,4,1
Somebody Like That,198208,72,0.574,0.798,6,-5.356,1,0.0485,0.0152,0.0,0.111,0.58,105.034,4,1
5 Foot 9,189780,74,0.602,0.796,5,-5.609,1,0.0465,0.146,0.0,0.125,0.53,106.005,4,1
Water Under The Bridge,169760,75,0.635,0.866,5,-2.695,1,0.0473,0.0697,0.0,0.0955,0.853,133.889,4,1
The Good Ones,215140,74,0.519,0.552,2,-5.023,1,0.0259,0.18,0.0,0.149,0.331,89.957,4,1
I Quit Drinking,171200,74,0.607,0.418,1,-6.997,1,0.0363,0.394,0.0,0.182,0.386,95.002,4,1
Runnin (with JP Saxe),206760,60,0.543,0.448,0,-7.469,1,0.028,0.651,0.0,0.11,0.595,144.967,4,1
Brown Eyes Baby,224333,73,0.521,0.833,8,-6.992,1,0.0313,0.0906,3.13e-06,0.0647,0.581,141.944,4,1
Be Like That - feat. Swae Lee & Khalid,191406,73,0.727,0.626,7,-8.415,1,0.0726,0.0469,2.58e-05,0.126,0.322,86.97,4,1
Take My Name,157906,72,0.559,0.66,7,-4.143,1,0.0512,0.222,0.0,0.193,0.574,163.957,4,1
One Of Them Girls,188893,72,0.643,0.79,4,-6.079,1,0.0462,0.294,0.0,0.107,0.8,95.987,4,1
If I Didn't Love You,212030,72,0.456,0.679,1,-4.802,1,0.0324,0.176,0.0,0.103,0.483,184.075,4,1
Somethin' Bout You,156906,71,0.667,0.826,4,-3.412,1,0.0266,0.0979,0.0,0.151,0.665,112.041,4,1
23,179720,70,0.641,0.78,3,-5.138,1,0.0852,0.0206,0.0,0.143,0.693,98.004,4,1
Wasted (feat. Kodak Black & Koe Wetzel),155495,70,0.674,0.753,3,-3.226,1,0.0388,0.00264,1.76e-06,0.0599,0.292,139.99,4,1
Chasing After You (with Maren Morris),207973,68,0.596,0.679,4,-6.395,1,0.0394,0.723,0.0,0.116,0.479,131.912,4,1
That’s Not How This Works (feat. Dan + Shay),165619,82,0.584,0.576,9,-4.557,1,0.0519,0.507,0.0,0.212,0.432,170.026,4,1
Just the Way,193880,70,0.544,0.829,9,-2.84,1,0.0404,0.107,0.0,0.317,0.815,90.048,4,1
Memory,153337,71,0.434,0.889,9,-5.684,1,0.0509,0.395,0.0,0.273,0.845,113.326,5,1
That’s When (feat. Keith Urban) (Taylor’s Version) (From The Vault),189495,68,0.588,0.608,5,-7.062,1,0.0365,0.225,0.0,0.092,0.508,90.201,4,1
One Too Many,203893,68,0.697,0.535,4,-6.504,1,0.068,0.247,0.0,0.569,0.594,82.959,4,1
Lay It On Me,189720,55,0.404,0.692,10,-4.451,1,0.0299,0.0419,0.0,0.146,0.334,68.794,4,1
Giddy Up!,162665,68,0.779,0.692,3,-3.59,0,0.0598,0.0024,0.0,0.482,0.67,103.99,4,1
She Likes It (feat. Jake Scott),163311,67,0.79,0.325,4,-11.689,1,0.127,0.509,0.0,0.155,0.539,126.877,4,1
I GUESS THEY CALL IT FALLIN',241420,54,0.522,0.83,11,-5.793,0,0.0646,0.141,0.0,0.0818,0.466,163.929,4,1
Dancin' In The Moonlight (feat. Lauren Alaina),199000,67,0.589,0.829,8,-4.861,0,0.0332,0.0196,0.0,0.128,0.563,121.998,4,1
Blindsided,170906,76,0.667,0.581,0,-5.89,1,0.0375,0.227,0.0,0.112,0.407,122.016,4,1
Drink Had Me,156200,67,0.699,0.642,11,-5.246,1,0.0319,0.376,0.0,0.0848,0.796,94.974,4,1
What If I Don't,201544,67,0.524,0.806,4,-5.785,1,0.0522,0.0521,0.0,0.189,0.568,143.923,4,1
Just Say I'm Sorry,214013,66,0.347,0.267,9,-6.927,1,0.0381,0.87,0.0009,0.091,0.0922,154.706,3,1
Wishful Drinking (with Sam Hunt),194544,66,0.678,0.528,10,-7.317,1,0.0551,0.289,0.0,0.0734,0.614,79.018,4,1
We Got History,203680,75,0.628,0.833,0,-6.327,1,0.0311,0.0014,0.0,0.104,0.309,98.025,4,1
One Mississippi,213718,66,0.471,0.846,0,-5.269,1,0.0389,0.00279,2.86e-06,0.145,0.539,100.089,4,1
ONE BEER (feat. Lauren Alaina & Devin Dawson),173173,65,0.516,0.745,2,-8.352,1,0.0774,0.564,0.0,0.275,0.826,186.006,3,1
Glad You Exist,144533,65,0.748,0.551,11,-6.12,1,0.0349,0.235,0.0,0.119,0.66,103.953,4,1
when was it over? (feat. Sam Hunt),218093,65,0.626,0.453,7,-9.295,1,0.0306,0.816,1.91e-06,0.0904,0.494,129.958,4,1
Better Version (feat. Kelsea Ballerini),173893,65,0.511,0.363,8,-9.164,0,0.0477,0.847,0.0,0.34,0.344,86.617,4,1
Single Saturday Night,187683,64,0.623,0.79,7,-5.07,1,0.0473,0.118,0.0,0.226,0.694,81.949,4,1
I Still Love You,224149,64,0.697,0.518,0,-5.894,1,0.0294,0.771,0.0,0.11,0.604,129.974,4,1
Almost Maybes,179152,64,0.582,0.868,11,-3.927,1,0.0522,0.146,0.0,0.103,0.555,90.105,4,1
No Bad Days (featuring Jimmie Allen),145499,62,0.68,0.556,1,-7.258,1,0.054,0.151,2.87e-06,0.0776,0.606,81.984,4,1
Where We Started,182026,62,0.6,0.533,2,-6.555,1,0.0256,0.272,0.0,0.0927,0.626,139.94,4,1
Found It In You,183444,54,0.426,0.691,5,-4.911,0,0.0376,0.409,0.0,0.105,0.669,160.044,4,1
Steal My Love,162120,62,0.59,0.633,2,-5.452,1,0.0328,0.619,0.0,0.157,0.751,179.856,4,1
Nobody,160706,62,0.573,0.747,0,-6.46,1,0.0319,0.519,1.13e-06,0.0867,0.645,79.952,4,1
Waves,228440,62,0.494,0.771,1,-4.309,1,0.0626,0.0649,0.0,0.11,0.371,136.053,4,1
Better Liar,169736,56,0.621,0.797,11,-5.964,1,0.0376,0.0648,0.0,0.179,0.643,150.054,4,1
Grand,178973,62,0.583,0.856,6,-5.446,0,0.0445,0.00484,0.0,0.224,0.48,168.053,4,1
Giving You Up,230842,62,0.53,0.848,8,-3.833,1,0.0427,0.0366,0.0,0.172,0.749,143.953,4,1
Pickup,168447,62,0.614,0.837,1,-3.967,1,0.0255,0.45,2.49e-05,0.115,0.862,96.977,5,1
Till There's Nothing Left,195515,61,0.577,0.634,2,-6.905,1,0.0365,0.00339,0.000332,0.209,0.335,75.752,4,1
la di da,178813,47,0.68,0.728,11,-4.199,1,0.0279,0.00851,0.0,0.346,0.433,110.042,4,1
Fancy Like (feat. Kesha),161853,61,0.637,0.795,1,-6.054,1,0.072,0.128,0.0,0.266,0.808,80.052,4,1
Keith,171537,61,0.6,0.861,9,-4.214,1,0.136,0.000838,0.00112,0.0623,0.49,103.06,4,1
Baby I Am,176573,61,0.514,0.693,1,-6.428,1,0.0528,0.0961,0.0,0.071,0.46,156.039,4,1
Make Me Want To,172280,61,0.519,0.872,2,-3.212,1,0.0616,0.0793,0.0,0.111,0.74,179.965,4,1
Line By Line (feat. Maren Morris),208186,61,0.645,0.486,0,-7.299,1,0.0425,0.274,0.0,0.135,0.453,72.536,4,1
Anything She Says,169154,61,0.612,0.621,7,-5.657,1,0.0734,0.169,0.0,0.137,0.883,185.857,4,1
breadwinner,200840,61,0.866,0.508,8,-8.591,0,0.058,0.769,8.35e-06,0.11,0.476,117.951,4,1
Bets On Us,180959,61,0.52,0.787,8,-4.768,1,0.0536,0.103,0.0,0.305,0.573,170.059,4,1
Sorry,188960,60,0.508,0.843,7,-4.133,0,0.0579,0.0774,0.0,0.0485,0.714,177.914,4,1
Just Drive,147693,60,0.714,0.766,6,-4.42,1,0.0365,0.0957,0.00183,0.0595,0.665,114.964,4,1
Cowgirls (feat. ERNEST),181621,59,0.622,0.782,8,-3.78,1,0.0351,0.199,5.5e-06,0.159,0.374,172.032,4,1
X's,154606,59,0.491,0.692,7,-4.818,1,0.0736,0.0231,0.0,0.107,0.591,184.14,4,1
london,266219,59,0.568,0.495,9,-7.669,1,0.0385,0.585,0.000198,0.132,0.217,83.919,4,1
Always Gonna Love You,177026,58,0.543,0.723,6,-4.892,1,0.0499,0.165,0.0,0.11,0.428,143.028,4,1
Lost My Heartbreak,157213,58,0.56,0.802,11,-5.428,1,0.0373,0.0863,0.0,0.116,0.423,103.059,3,1
Bottle’s Bout Dead (feat. ERNEST),150909,58,0.65,0.523,11,-8.368,1,0.0317,0.0686,0.0,0.0949,0.523,132.03,4,1
justified,180800,61,0.669,0.552,0,-7.98,1,0.0587,0.807,0.000874,0.321,0.488,100.102,4,1
Breakups,223129,58,0.531,0.552,1,-5.945,1,0.0309,0.436,0.0,0.0786,0.328,74.931,3,1
Home Sweet,205946,60,0.58,0.813,11,-5.621,1,0.0414,0.0386,1.44e-06,0.0926,0.473,120.973,4,1
Made,195459,57,0.526,0.729,5,-4.363,1,0.0333,0.147,0.0,0.103,0.543,140.978,4,1
Ghost Story,181400,57,0.479,0.742,7,-5.587,1,0.0539,0.0069,0.000834,0.278,0.454,142.909,3,1
Coulda Loved You Longer,176413,57,0.634,0.621,11,-6.261,1,0.0811,0.334,0.0,0.459,0.741,93.034,4,1
Good Beer,174111,57,0.702,0.778,6,-4.25,1,0.0287,0.302,0.0,0.126,0.879,91.014,4,1
Good Day,205626,56,0.514,0.685,10,-7.27,1,0.0307,0.0356,9.73e-06,0.157,0.393,85.017,4,1
Nightfalls,220892,56,0.635,0.947,6,-3.618,0,0.109,0.00504,9.45e-06,0.045,0.588,100.996,4,1
Paying For It,191087,56,0.528,0.802,2,-4.467,1,0.0403,0.0254,0.0,0.211,0.625,177.907,4,1
Woman You Got,177951,56,0.523,0.896,10,-3.556,1,0.0575,0.105,0.0,0.143,0.729,169.94,4,1
Can't Do Without Me,201146,56,0.602,0.928,1,-3.601,1,0.0859,0.016,0.0,0.105,0.429,123.121,4,1
Between You & Me (feat. Ashley Cooke),169019,55,0.629,0.615,4,-7.645,1,0.0326,0.00709,0.0,0.0905,0.639,99.968,4,1
Love Is Real,162973,55,0.645,0.732,3,-5.089,1,0.0453,0.00853,2.62e-05,0.198,0.708,95.02,4,1
I Can't Take You Anywhere,211850,57,0.558,0.633,10,-6.764,1,0.0696,0.0471,0.0,0.0855,0.39,79.921,4,1
Pink Champagne,203600,55,0.632,0.891,9,-3.474,1,0.0705,0.00227,0.0,0.167,0.744,109.824,4,1
Praise The Lord (feat. Thomas Rhett),160289,55,0.826,0.603,1,-7.659,0,0.0737,0.0474,0.0,0.0831,0.681,107.494,4,1
Leave You Alone,214238,55,0.447,0.538,5,-7.258,1,0.0338,0.119,0.0,0.188,0.453,123.746,3,1
I Wonder,206493,55,0.373,0.845,0,-3.748,1,0.0595,0.0933,0.0,0.134,0.606,201.81,4,1
